18165,01-Mar-20,1I
18165,02-Mar-20,1I
18165,03-Mar-20,1I
18165,04-Mar-20,1I
18165,05-Mar-20,1I
18165,06-Mar-20,X
18165,07-Mar-20,J1
18165,08-Mar-20,1I
18165,09-Mar-20,1I
18165,10-Mar-20,1I
18165,11-Mar-20,1I
18165,12-Mar-20,1I
18165,13-Mar-20,X
18165,14-Mar-20,J1
18165,15-Mar-20,1I
18165,16-Mar-20,1I
18165,17-Mar-20,1I
18165,18-Mar-20,1I
18165,19-Mar-20,1I
18165,20-Mar-20,X
18165,21-Mar-20,J1
18165,22-Mar-20,1I
18165,23-Mar-20,1I
18165,24-Mar-20,1I
18165,25-Mar-20,1I
18165,26-Mar-20,1I
18165,27-Mar-20,X
18165,28-Mar-20,J1
18165,29-Mar-20,1I
18165,30-Mar-20,1I
18165,31-Mar-20,1I
2011,01-Mar-20,1I
2011,02-Mar-20,1I
2011,03-Mar-20,1I
2011,04-Mar-20,1I
2011,05-Mar-20,1I
2011,06-Mar-20,X
2011,07-Mar-20,J1
2011,08-Mar-20,1I
2011,09-Mar-20,1I
2011,10-Mar-20,1I
2011,11-Mar-20,1I
2011,12-Mar-20,1I
2011,13-Mar-20,X
2011,14-Mar-20,J1
2011,15-Mar-20,1I
2011,16-Mar-20,1I
2011,17-Mar-20,1I
2011,18-Mar-20,1I
2011,19-Mar-20,1I
2011,20-Mar-20,X
2011,21-Mar-20,J1
2011,22-Mar-20,1I
2011,23-Mar-20,1I
2011,24-Mar-20,1I
2011,25-Mar-20,1I
2011,26-Mar-20,1I
2011,27-Mar-20,X
2011,28-Mar-20,J1
2011,29-Mar-20,1I
2011,30-Mar-20,1I
2011,31-Mar-20,1I
396,01-Mar-20,7A
396,02-Mar-20,7A
396,03-Mar-20,7A
396,04-Mar-20,7A
396,05-Mar-20,7A
396,06-Mar-20,7A
396,07-Mar-20,X
396,08-Mar-20,7A
396,09-Mar-20,7A
396,10-Mar-20,7A
396,11-Mar-20,7A
396,12-Mar-20,7A
396,13-Mar-20,7A
396,14-Mar-20,X
396,15-Mar-20,7A
396,16-Mar-20,7A
396,17-Mar-20,7A
396,18-Mar-20,7A
396,19-Mar-20,7A
396,20-Mar-20,7A
396,21-Mar-20,X
396,22-Mar-20,7A
396,23-Mar-20,7A
396,24-Mar-20,7A
396,25-Mar-20,7A
396,26-Mar-20,7A
396,27-Mar-20,7A
396,28-Mar-20,X
396,29-Mar-20,7A
396,30-Mar-20,7A
396,31-Mar-20,7A
18188,01-Mar-20,J1
18188,02-Mar-20,J1
18188,03-Mar-20,J1
18188,04-Mar-20,1I
18188,05-Mar-20,X
18188,06-Mar-20,J1
18188,07-Mar-20,J1
18188,08-Mar-20,J1
18188,09-Mar-20,J1
18188,10-Mar-20,J1
18188,11-Mar-20,1I
18188,12-Mar-20,X
18188,13-Mar-20,J1
18188,14-Mar-20,J1
18188,15-Mar-20,J1
18188,16-Mar-20,J1
18188,17-Mar-20,J1
18188,18-Mar-20,1I
18188,19-Mar-20,X
18188,20-Mar-20,J1
18188,21-Mar-20,J1
18188,22-Mar-20,J1
18188,23-Mar-20,J1
18188,24-Mar-20,J1
18188,25-Mar-20,1I
18188,26-Mar-20,X
18188,27-Mar-20,J1
18188,28-Mar-20,J1
18188,29-Mar-20,J1
18188,30-Mar-20,J1
18188,31-Mar-20,J1
754,01-Mar-20,J1
754,02-Mar-20,X
754,03-Mar-20,X
754,04-Mar-20,X
754,05-Mar-20,J1
754,06-Mar-20,J1
754,07-Mar-20,J1
754,08-Mar-20,J1
754,09-Mar-20,J1
754,10-Mar-20,1I
754,11-Mar-20,X
754,12-Mar-20,J1
754,13-Mar-20,J1
754,14-Mar-20,J1
754,15-Mar-20,J1
754,16-Mar-20,J1
754,17-Mar-20,1I
754,18-Mar-20,X
754,19-Mar-20,J1
754,20-Mar-20,J1
754,21-Mar-20,J1
754,22-Mar-20,J1
754,23-Mar-20,J1
754,24-Mar-20,1I
754,25-Mar-20,X
754,26-Mar-20,J1
754,27-Mar-20,J1
754,28-Mar-20,J1
754,29-Mar-20,J1
754,30-Mar-20,J1
754,31-Mar-20,1I
